name,endonym,alpha_2,alpha_3,country_code,iso_3166_2,region,sub_region,intermediate_region,region_code,sub_region_code,intermediate_region_code
Afghanistan,افغانستان,AF,AFG,004,ISO 3166-2:AF,Asia,Southern Asia,"",142,034,""
Åland Islands,Åland,AX,ALA,248,ISO 3166-2:AX,Europe,Northern Europe,"",150,154,""
Albania,Shqipëria,AL,ALB,008,ISO 3166-2:AL,Europe,Southern Europe,"",150,039,""
Algeria,"الجزائر,ⴷⵣⴰⵢⴻⵔ"DZ,DZA,012,ISO 3166-2:DZ,Africa,Northern Africa,"",002,015,""
American Samoa,Amerika Sāmoa,AS,ASM,016,ISO 3166-2:AS,Oceania,Polynesia,"",009,061,""
Andorra,Andorra,AD,AND,020,ISO 3166-2:AD,Europe,Southern Europe,"",150,039,""
Angola,Angola,AO,AGO,024,ISO 3166-2:AO,Africa,Sub-Saharan Africa,Middle Africa,002,202,017
Anguilla,Anguilla,AI,AIA,660,ISO 3166-2:AI,Americas,Latin America and the Caribbean,Caribbean,019,419,029
Antarctica,Antarctica,AQ,ATA,010,ISO 3166-2:AQ,"","","","","",""
Antigua and Barbuda,Antigua and Barbuda,AG,ATG,028,ISO 3166-2:AG,Americas,Latin America and the Caribbean,Caribbean,019,419,029
Argentina,Argentina,AR,ARG,032,ISO 3166-2:AR,Americas,Latin America and the Caribbean,South America,019,419,005
Armenia,Հայաստան,AM,ARM,051,ISO 3166-2:AM,Asia,Western Asia,"",142,145,""
Aruba,Aruba,AW,ABW,533,ISO 3166-2:AW,Americas,Latin America and the Caribbean,Caribbean,019,419,029
Australia,Australia,AU,AUS,036,ISO 3166-2:AU,Oceania,Australia and New Zealand,"",009,053,""
Austria,Österreich,AT,AUT,040,ISO 3166-2:AT,Europe,Western Europe,"",150,155,""
Azerbaijan,Azərbaycan,AZ,AZE,031,ISO 3166-2:AZ,Asia,Western Asia,"",142,145,""
Bahamas,Bahamas,BS,BHS,044,ISO 3166-2:BS,Americas,Latin America and the Caribbean,Caribbean,019,419,029
Bahrain,البحرين,BH,BHR,048,ISO 3166-2:BH,Asia,Western Asia,"",142,145,""
Bangladesh,বাংলাদেশ,BD,BGD,050,ISO 3166-2:BD,Asia,Southern Asia,"",142,034,""
Barbados,Barbados,BB,BRB,052,ISO 3166-2:BB,Americas,Latin America and the Caribbean,Caribbean,019,419,029
Belarus,Беларусь,BY,BLR,112,ISO 3166-2:BY,Europe,Eastern Europe,"",150,151,""
Belgium,"België, Belgique, Belgien",BE,BEL,056,ISO 3166-2:BE,Europe,Western Europe,"",150,155,""
Belize,Belize,BZ,BLZ,084,ISO 3166-2:BZ,Americas,Latin America and the Caribbean,Central America,019,419,013
Benin,Bénin,BJ,BEN,204,ISO 3166-2:BJ,Africa,Sub-Saharan Africa,Western Africa,002,202,011
Bermuda,Bermuda,BM,BMU,060,ISO 3166-2:BM,Americas,Northern America,"",019,021,""
Bhutan,འབྲུག་ཡུལ,BT,BTN,064,ISO 3166-2:BT,Asia,Southern Asia,"",142,034,""
Bolivia (Plurinational State of),Bolivia,BO,BOL,068,ISO 3166-2:BO,Americas,Latin America and the Caribbean,South America,019,419,005
"Bonaire, Sint Eustatius and Saba",Bonaire,BQ,BES,535,ISO 3166-2:BQ,Americas,Latin America and the Caribbean,Caribbean,019,419,029
Bosnia and Herzegovina,Босна и Херцеговина,BA,BIH,070,ISO 3166-2:BA,Europe,Southern Europe,"",150,039,""
Botswana,Botswana,BW,BWA,072,ISO 3166-2:BW,Africa,Sub-Saharan Africa,Southern Africa,002,202,018
Bouvet Island,Bouvetøya,BV,BVT,074,ISO 3166-2:BV,Americas,Latin America and the Caribbean,South America,019,419,005
Brazil,Brasil,BR,BRA,076,ISO 3166-2:BR,Americas,Latin America and the Caribbean,South America,019,419,005
British Indian Ocean Territory,British Indian Ocean Territory,IO,IOT,086,ISO 3166-2:IO,Africa,Sub-Saharan Africa,Eastern Africa,002,202,014
Brunei Darussalam,بروني,BN,BRN,096,ISO 3166-2:BN,Asia,South-eastern Asia,"",142,035,""
Bulgaria,България,BG,BGR,100,ISO 3166-2:BG,Europe,Eastern Europe,"",150,151,""
Burkina Faso,Burkina Faso	,BF,BFA,854,ISO 3166-2:BF,Africa,Sub-Saharan Africa,Western Africa,002,202,011
Burundi,Uburundi,BI,BDI,108,ISO 3166-2:BI,Africa,Sub-Saharan Africa,Eastern Africa,002,202,014
Cabo Verde,Cabo Verde,CV,CPV,132,ISO 3166-2:CV,Africa,Sub-Saharan Africa,Western Africa,002,202,011
Cambodia,កម្ពុជា,KH,KHM,116,ISO 3166-2:KH,Asia,South-eastern Asia,"",142,035,""
Cameroon,Cameroon,CM,CMR,120,ISO 3166-2:CM,Africa,Sub-Saharan Africa,Middle Africa,002,202,017
Canada,Canada,CA,CAN,124,ISO 3166-2:CA,Americas,Northern America,"",019,021,""
Cayman Islands,Cayman Islands,KY,CYM,136,ISO 3166-2:KY,Americas,Latin America and the Caribbean,Caribbean,019,419,029
Central African Republic,"Centrafrique, Bêafrîka",CF,CAF,140,ISO 3166-2:CF,Africa,Sub-Saharan Africa,Middle Africa,002,202,017
Chad,تشاد,TD,TCD,148,ISO 3166-2:TD,Africa,Sub-Saharan Africa,Middle Africa,002,202,017
Chile,Chile,CL,CHL,152,ISO 3166-2:CL,Americas,Latin America and the Caribbean,South America,019,419,005
China,中国,CN,CHN,156,ISO 3166-2:CN,Asia,Eastern Asia,"",142,030,""
Christmas Island,Christmas Island,CX,CXR,162,ISO 3166-2:CX,Oceania,Australia and New Zealand,"",009,053,""
Cocos (Keeling) Islands,Cocos Islands,CC,CCK,166,ISO 3166-2:CC,Oceania,Australia and New Zealand,"",009,053,""
Colombia,Colombia,CO,COL,170,ISO 3166-2:CO,Americas,Latin America and the Caribbean,South America,019,419,005
Comoros,Komori,KM,COM,174,ISO 3166-2:KM,Africa,Sub-Saharan Africa,Eastern Africa,002,202,014
Congo,République du Congo,CG,COG,178,ISO 3166-2:CG,Africa,Sub-Saharan Africa,Middle Africa,002,202,017
"Congo, Democratic Republic of the",République démocratique du Congo,CD,COD,180,ISO 3166-2:CD,Africa,Sub-Saharan Africa,Middle Africa,002,202,017
Cook Islands,Cook Islands,CK,COK,184,ISO 3166-2:CK,Oceania,Polynesia,"",009,061,""
Costa Rica,Costa Rica,CR,CRI,188,ISO 3166-2:CR,Americas,Latin America and the Caribbean,Central America,019,419,013
Côte d'Ivoire,Côte d'Ivoire,CI,CIV,384,ISO 3166-2:CI,Africa,Sub-Saharan Africa,Western Africa,002,202,011
Croatia,Hrvatska,HR,HRV,191,ISO 3166-2:HR,Europe,Southern Europe,"",150,039,""
Cuba,Cuba,CU,CUB,192,ISO 3166-2:CU,Americas,Latin America and the Caribbean,Caribbean,019,419,029
Curaçao,Curaçao,CW,CUW,531,ISO 3166-2:CW,Americas,Latin America and the Caribbean,Caribbean,019,419,029
Cyprus,Κύπρος,CY,CYP,196,ISO 3166-2:CY,Asia,Western Asia,"",142,145,""
Czechia,Česká republika,CZ,CZE,203,ISO 3166-2:CZ,Europe,Eastern Europe,"",150,151,""
Denmark,Danmark,DK,DNK,208,ISO 3166-2:DK,Europe,Northern Europe,"",150,154,""
Djibouti,Republic of Djibouti,DJ,DJI,262,ISO 3166-2:DJ,Africa,Sub-Saharan Africa,Eastern Africa,002,202,014
Dominica,Dominica,DM,DMA,212,ISO 3166-2:DM,Americas,Latin America and the Caribbean,Caribbean,019,419,029
Dominican Republic,República Dominicana,DO,DOM,214,ISO 3166-2:DO,Americas,Latin America and the Caribbean,Caribbean,019,419,029
Ecuador,Ecuador,EC,ECU,218,ISO 3166-2:EC,Americas,Latin America and the Caribbean,South America,019,419,005
Egypt,مصر,EG,EGY,818,ISO 3166-2:EG,Africa,Northern Africa,"",002,015,""
El Salvador,El Salvador,SV,SLV,222,ISO 3166-2:SV,Americas,Latin America and the Caribbean,Central America,019,419,013
Equatorial Guinea,Guinea Ecuatorial,GQ,GNQ,226,ISO 3166-2:GQ,Africa,Sub-Saharan Africa,Middle Africa,002,202,017
Eritrea,"إرتريا,ኤርትራ",ER,ERI,232,ISO 3166-2:ER,Africa,Sub-Saharan Africa,Eastern Africa,002,202,014
Estonia,Eesti,EE,EST,233,ISO 3166-2:EE,Europe,Northern Europe,"",150,154,""
Eswatini,Eswatini,SZ,SWZ,748,ISO 3166-2:SZ,Africa,Sub-Saharan Africa,Southern Africa,002,202,018
Ethiopia,"Ityop'ia, ኢትዮጵያ",ET,ETH,231,ISO 3166-2:ET,Africa,Sub-Saharan Africa,Eastern Africa,002,202,014
Falkland Islands (Malvinas),Falkland Islands,FK,FLK,238,ISO 3166-2:FK,Americas,Latin America and the Caribbean,South America,019,419,005
Faroe Islands,Føroyar,FO,FRO,234,ISO 3166-2:FO,Europe,Northern Europe,"",150,154,""
Fiji,Fiji,FJ,FJI,242,ISO 3166-2:FJ,Oceania,Melanesia,"",009,054,""
Finland,Suomi,FI,FIN,246,ISO 3166-2:FI,Europe,Northern Europe,"",150,154,""
France,France,FR,FRA,250,ISO 3166-2:FR,Europe,Western Europe,"",150,155,""
French Guiana,Guyane,GF,GUF,254,ISO 3166-2:GF,Americas,Latin America and the Caribbean,South America,019,419,005
French Polynesia,Polynésie française,PF,PYF,258,ISO 3166-2:PF,Oceania,Polynesia,"",009,061,""
French Southern Territories,French Southern Territories,TF,ATF,260,ISO 3166-2:TF,Africa,Sub-Saharan Africa,Eastern Africa,002,202,014
Gabon,République gabonaise,GA,GAB,266,ISO 3166-2:GA,Africa,Sub-Saharan Africa,Middle Africa,002,202,017
Gambia,The Gambia,GM,GMB,270,ISO 3166-2:GM,Africa,Sub-Saharan Africa,Western Africa,002,202,011
Georgia,საქართველო,GE,GEO,268,ISO 3166-2:GE,Asia,Western Asia,"",142,145,""
Germany,Deutschland,DE,DEU,276,ISO 3166-2:DE,Europe,Western Europe,"",150,155,""
Ghana,Ghana,GH,GHA,288,ISO 3166-2:GH,Africa,Sub-Saharan Africa,Western Africa,002,202,011
Gibraltar,Gibraltar,GI,GIB,292,ISO 3166-2:GI,Europe,Southern Europe,"",150,039,""
Greece,Ελλάς,GR,GRC,300,ISO 3166-2:GR,Europe,Southern Europe,"",150,039,""
Greenland,"Kalaallit Nunaat, Grønland",GL,GRL,304,ISO 3166-2:GL,Americas,Northern America,"",019,021,""
Grenada,GD,GRD,308,ISO 3166-2:GD,Americas,Latin America and the Caribbean,Caribbean,019,419,029
Guadeloupe,Guadeloupe,GP,GLP,312,ISO 3166-2:GP,Americas,Latin America and the Caribbean,Caribbean,019,419,029
Guam,Guam,GU,GUM,316,ISO 3166-2:GU,Oceania,Micronesia,"",009,057,""
Guatemala,Guatemala,GT,GTM,320,ISO 3166-2:GT,Americas,Latin America and the Caribbean,Central America,019,419,013
Guernsey,Guernsey,GG,GGY,831,ISO 3166-2:GG,Europe,Northern Europe,Channel Islands,150,154,830
Guinea,Guinée,GN,GIN,324,ISO 3166-2:GN,Africa,Sub-Saharan Africa,Western Africa,002,202,011
Guinea-Bissau,Guiné-Bissau,GW,GNB,624,ISO 3166-2:GW,Africa,Sub-Saharan Africa,Western Africa,002,202,011
Guyana,Guyana,GY,GUY,328,ISO 3166-2:GY,Americas,Latin America and the Caribbean,South America,019,419,005
Haiti,Haïti,HT,HTI,332,ISO 3166-2:HT,Americas,Latin America and the Caribbean,Caribbean,019,419,029
Heard Island and McDonald Islands,Heard Island and McDonald Islands,HM,HMD,334,ISO 3166-2:HM,Oceania,Australia and New Zealand,"",009,053,""
Holy See,Sancta Sedes,VA,VAT,336,ISO 3166-2:VA,Europe,Southern Europe,"",150,039,""
Honduras,Honduras,HN,HND,340,ISO 3166-2:HN,Americas,Latin America and the Caribbean,Central America,019,419,013
Hong Kong,香港,HK,HKG,344,ISO 3166-2:HK,Asia,Eastern Asia,"",142,030,""
Hungary,Magyarország,HU,HUN,348,ISO 3166-2:HU,Europe,Eastern Europe,"",150,151,""
Iceland,Ísland,IS,ISL,352,ISO 3166-2:IS,Europe,Northern Europe,"",150,154,""
India,"India, Bhārat Gaṇarājya",IN,IND,356,ISO 3166-2:IN,Asia,Southern Asia,"",142,034,""
Indonesia,Indonesia,ID,IDN,360,ISO 3166-2:ID,Asia,South-eastern Asia,"",142,035,""
Iran (Islamic Republic of),ایران,IR,IRN,364,ISO 3166-2:IR,Asia,Southern Asia,"",142,034,""
Iraq,العراق,IQ,IRQ,368,ISO 3166-2:IQ,Asia,Western Asia,"",142,145,""
Ireland,Éire,IE,IRL,372,ISO 3166-2:IE,Europe,Northern Europe,"",150,154,""
Isle of Man,Ellan Vannin,IM,IMN,833,ISO 3166-2:IM,Europe,Northern Europe,"",150,154,""
Israel,ישראל,IL,ISR,376,ISO 3166-2:IL,Asia,Western Asia,"",142,145,""
Italy,Italia,IT,ITA,380,ISO 3166-2:IT,Europe,Southern Europe,"",150,039,""
Jamaica,Jamaica,JM,JAM,388,ISO 3166-2:JM,Americas,Latin America and the Caribbean,Caribbean,019,419,029
Japan,日本,JP,JPN,392,ISO 3166-2:JP,Asia,Eastern Asia,"",142,030,""
Jersey,Jersey,JE,JEY,832,ISO 3166-2:JE,Europe,Northern Europe,Channel Islands,150,154,830
Jordan,الأردن,JO,JOR,400,ISO 3166-2:JO,Asia,Western Asia,"",142,145,""
Kazakhstan,Қазақстан,KZ,KAZ,398,ISO 3166-2:KZ,Asia,Central Asia,"",142,143,""
Kenya,Kenya,KE,KEN,404,ISO 3166-2:KE,Africa,Sub-Saharan Africa,Eastern Africa,002,202,014
Kiribati,Kiribati,KI,KIR,296,ISO 3166-2:KI,Oceania,Micronesia,"",009,057,""
Korea (Democratic People's Republic of),"조선 / 朝鮮",KP,PRK,408,ISO 3166-2:KP,Asia,Eastern Asia,"",142,030,""
"Korea, Republic of","한국 / 韓國",KR,KOR,410,ISO 3166-2:KR,Asia,Eastern Asia,"",142,030,""
Kuwait,"دولة الكويت, ",KW,KWT,414,ISO 3166-2:KW,Asia,Western Asia,"",142,145,""
Kyrgyzstan,Кыргызстан,KG,KGZ,417,ISO 3166-2:KG,Asia,Central Asia,"",142,143,""
Lao People's Democratic Republic,ປະເທດລາວ,LA,LAO,418,ISO 3166-2:LA,Asia,South-eastern Asia,"",142,035,""
Latvia,Latvija,LV,LVA,428,ISO 3166-2:LV,Europe,Northern Europe,"",150,154,""
Lebanon,لبنان,LB,LBN,422,ISO 3166-2:LB,Asia,Western Asia,"",142,145,""
Lesotho,Lesotho,LS,LSO,426,ISO 3166-2:LS,Africa,Sub-Saharan Africa,Southern Africa,002,202,018
Liberia,Liberia,LR,LBR,430,ISO 3166-2:LR,Africa,Sub-Saharan Africa,Western Africa,002,202,011
Libya,"ⵍⵉⴱⵢ, ليبيا",LY,LBY,434,ISO 3166-2:LY,Africa,Northern Africa,"",002,015,""
Liechtenstein,Liechtenstein,LI,LIE,438,ISO 3166-2:LI,Europe,Western Europe,"",150,155,""
Lithuania,Lietuva,LT,LTU,440,ISO 3166-2:LT,Europe,Northern Europe,"",150,154,""
Luxembourg,Lëtzebuerg,LU,LUX,442,ISO 3166-2:LU,Europe,Western Europe,"",150,155,""
Macao,"Oumún, 澳門",MO,MAC,446,ISO 3166-2:MO,Asia,Eastern Asia,"",142,030,""
Madagascar,Madagasikara,MG,MDG,450,ISO 3166-2:MG,Africa,Sub-Saharan Africa,Eastern Africa,002,202,014
Malawi,Malawi,MW,MWI,454,ISO 3166-2:MW,Africa,Sub-Saharan Africa,Eastern Africa,002,202,014
Malaysia,Malaysia,MY,MYS,458,ISO 3166-2:MY,Asia,South-eastern Asia,"",142,035,""
Maldives,"Dhivehi Raajje, ދިވެހިރާއްޖެ",MV,MDV,462,ISO 3166-2:MV,Asia,Southern Asia,"",142,034,""
Mali,Mali,ML,MLI,466,ISO 3166-2:ML,Africa,Sub-Saharan Africa,Western Africa,002,202,011
Malta,Malta,MT,MLT,470,ISO 3166-2:MT,Europe,Southern Europe,"",150,039,""
Marshall Islands,Marshall Islands,MH,MHL,584,ISO 3166-2:MH,Oceania,Micronesia,"",009,057,""
Martinique,Martinique,MQ,MTQ,474,ISO 3166-2:MQ,Americas,Latin America and the Caribbean,Caribbean,019,419,029
Mauritania,موريتانيا,MR,MRT,478,ISO 3166-2:MR,Africa,Sub-Saharan Africa,Western Africa,002,202,011
Mauritius,Mauritius,MU,MUS,480,ISO 3166-2:MU,Africa,Sub-Saharan Africa,Eastern Africa,002,202,014
Mayotte,Mayotte,YT,MYT,175,ISO 3166-2:YT,Africa,Sub-Saharan Africa,Eastern Africa,002,202,014
Mexico,México,MX,MEX,484,ISO 3166-2:MX,Americas,Latin America and the Caribbean,Central America,019,419,013
Micronesia (Federated States of),Federated States of Micronesia,FM,FSM,583,ISO 3166-2:FM,Oceania,Micronesia,"",009,057,""
"Moldova, Republic of",Moldova,MD,MDA,498,ISO 3166-2:MD,Europe,Eastern Europe,"",150,151,""
Monaco,Monaco,MC,MCO,492,ISO 3166-2:MC,Europe,Western Europe,"",150,155,""
Mongolia,"Mongol Uls, Монгол Улс",MN,MNG,496,ISO 3166-2:MN,Asia,Eastern Asia,"",142,030,""
Montenegro,Црна Гора,ME,MNE,499,ISO 3166-2:ME,Europe,Southern Europe,"",150,039,""
Montserrat,Montserrat,MS,MSR,500,ISO 3166-2:MS,Americas,Latin America and the Caribbean,Caribbean,019,419,029
Morocco,المغرب,MA,MAR,504,ISO 3166-2:MA,Africa,Northern Africa,"",002,015,""
Mozambique,Moçambique,MZ,MOZ,508,ISO 3166-2:MZ,Africa,Sub-Saharan Africa,Eastern Africa,002,202,014
Myanmar,မြန်မာ,MM,MMR,104,ISO 3166-2:MM,Asia,South-eastern Asia,"",142,035,""
Namibia,Namibia,NA,NAM,516,ISO 3166-2:NA,Africa,Sub-Saharan Africa,Southern Africa,002,202,018
Nauru,Nauru,NR,NRU,520,ISO 3166-2:NR,Oceania,Micronesia,"",009,057,""
Nepal,"Nepāl, नेपाल",NP,NPL,524,ISO 3166-2:NP,Asia,Southern Asia,"",142,034,""
Netherlands,Nederland,NL,NLD,528,ISO 3166-2:NL,Europe,Western Europe,"",150,155,""
New Caledonia,Nouvelle-Calédonie,NC,NCL,540,ISO 3166-2:NC,Oceania,Melanesia,"",009,054,""
New Zealand,New Zealand,NZ,NZL,554,ISO 3166-2:NZ,Oceania,Australia and New Zealand,"",009,053,""
Nicaragua,Nicaragua,NI,NIC,558,ISO 3166-2:NI,Americas,Latin America and the Caribbean,Central America,019,419,013
Niger,Niger,NE,NER,562,ISO 3166-2:NE,Africa,Sub-Saharan Africa,Western Africa,002,202,011
Nigeria,Nigeria,NG,NGA,566,ISO 3166-2:NG,Africa,Sub-Saharan Africa,Western Africa,002,202,011
Niue,Niuē,NU,NIU,570,ISO 3166-2:NU,Oceania,Polynesia,"",009,061,""
Norfolk Island,Norfolk Island,NF,NFK,574,ISO 3166-2:NF,Oceania,Australia and New Zealand,"",009,053,""
North Macedonia,Северна Македонија,MK,MKD,807,ISO 3166-2:MK,Europe,Southern Europe,"",150,039,""
Northern Mariana Islands,Northern Mariana Islands,MP,MNP,580,ISO 3166-2:MP,Oceania,Micronesia,"",009,057,""
Norway,Norge,NO,NOR,578,ISO 3166-2:NO,Europe,Northern Europe,"",150,154,""
Oman,عُمان,OM,OMN,512,ISO 3166-2:OM,Asia,Western Asia,"",142,145,""
Pakistan,پاکستان,PK,PAK,586,ISO 3166-2:PK,Asia,Southern Asia,"",142,034,""
Palau,Palau,PW,PLW,585,ISO 3166-2:PW,Oceania,Micronesia,"",009,057,""
"Palestine, State of",فلسطين,PS,PSE,275,ISO 3166-2:PS,Asia,Western Asia,"",142,145,""
Panama,Panamá,PA,PAN,591,ISO 3166-2:PA,Americas,Latin America and the Caribbean,Central America,019,419,013
Papua New Guinea,Papua New Guinea,PG,PNG,598,ISO 3166-2:PG,Oceania,Melanesia,"",009,054,""
Paraguay,Paraguay,PY,PRY,600,ISO 3166-2:PY,Americas,Latin America and the Caribbean,South America,019,419,005
Peru,Perú,PE,PER,604,ISO 3166-2:PE,Americas,Latin America and the Caribbean,South America,019,419,005
Philippines,Pilipinas,PH,PHL,608,ISO 3166-2:PH,Asia,South-eastern Asia,"",142,035,""
Pitcairn,Pitcairn Islands,PN,PCN,612,ISO 3166-2:PN,Oceania,Polynesia,"",009,061,""
Poland,Polska,PL,POL,616,ISO 3166-2:PL,Europe,Eastern Europe,"",150,151,""
Portugal,Portugal,PT,PRT,620,ISO 3166-2:PT,Europe,Southern Europe,"",150,039,""
Puerto Rico,Puerto Rico,PR,PRI,630,ISO 3166-2:PR,Americas,Latin America and the Caribbean,Caribbean,019,419,029
Qatar,قطر,QA,QAT,634,ISO 3166-2:QA,Asia,Western Asia,"",142,145,""
Réunion,La Réunion,RE,REU,638,ISO 3166-2:RE,Africa,Sub-Saharan Africa,Eastern Africa,002,202,014
Romania,România,RO,ROU,642,ISO 3166-2:RO,Europe,Eastern Europe,"",150,151,""
Russian Federation,Россия,RU,RUS,643,ISO 3166-2:RU,Europe,Eastern Europe,"",150,151,""
Rwanda,Rwanda,RW,RWA,646,ISO 3166-2:RW,Africa,Sub-Saharan Africa,Eastern Africa,002,202,014
Saint Barthélemy,Saint-Barthélemy,BL,BLM,652,ISO 3166-2:BL,Americas,Latin America and the Caribbean,Caribbean,019,419,029
"Saint Helena, Ascension and Tristan da Cunha","Saint Helena, Ascension and Tristan da Cunha",SH,SHN,654,ISO 3166-2:SH,Africa,Sub-Saharan Africa,Western Africa,002,202,011
Saint Kitts and Nevis,Saint Kitts and Nevis,KN,KNA,659,ISO 3166-2:KN,Americas,Latin America and the Caribbean,Caribbean,019,419,029
Saint Lucia,Saint Lucia,LC,LCA,662,ISO 3166-2:LC,Americas,Latin America and the Caribbean,Caribbean,019,419,029
Saint Martin (French part),Saint Martin,MF,MAF,663,ISO 3166-2:MF,Americas,Latin America and the Caribbean,Caribbean,019,419,029
Saint Pierre and Miquelon,Saint-Pierre et Miquelon,PM,SPM,666,ISO 3166-2:PM,Americas,Northern America,"",019,021,""
Saint Vincent and the Grenadines,Saint Vincent and the Grenadines,VC,VCT,670,ISO 3166-2:VC,Americas,Latin America and the Caribbean,Caribbean,019,419,029
Samoa,Samoa,WS,WSM,882,ISO 3166-2:WS,Oceania,Polynesia,"",009,061,""
San Marino,San Marino,SM,SMR,674,ISO 3166-2:SM,Europe,Southern Europe,"",150,039,""
Sao Tome and Principe,São Tomé e Príncipe,ST,STP,678,ISO 3166-2:ST,Africa,Sub-Saharan Africa,Middle Africa,002,202,017
Saudi Arabia,المملكة العربية السعودية,SA,SAU,682,ISO 3166-2:SA,Asia,Western Asia,"",142,145,""
Senegal,Sénégal,SN,SEN,686,ISO 3166-2:SN,Africa,Sub-Saharan Africa,Western Africa,002,202,011
Serbia,Србија,RS,SRB,688,ISO 3166-2:RS,Europe,Southern Europe,"",150,039,""
Seychelles,Seychelles,SC,SYC,690,ISO 3166-2:SC,Africa,Sub-Saharan Africa,Eastern Africa,002,202,014
Sierra Leone,Sierra Leone,SL,SLE,694,ISO 3166-2:SL,Africa,Sub-Saharan Africa,Western Africa,002,202,011
Singapore,"Singapura, 新加坡",SG,SGP,702,ISO 3166-2:SG,Asia,South-eastern Asia,"",142,035,""
Sint Maarten (Dutch part),Sint Maarten,SX,SXM,534,ISO 3166-2:SX,Americas,Latin America and the Caribbean,Caribbean,019,419,029
Slovakia,Slovensko,SK,SVK,703,ISO 3166-2:SK,Europe,Eastern Europe,"",150,151,""
Slovenia,Slovenija,SI,SVN,705,ISO 3166-2:SI,Europe,Southern Europe,"",150,039,""
Solomon Islands,Solomon Islands,SB,SLB,090,ISO 3166-2:SB,Oceania,Melanesia,"",009,054,""
Somalia,"Soomaaliya, الصومال",SO,SOM,706,ISO 3166-2:SO,Africa,Sub-Saharan Africa,Eastern Africa,002,202,014
South Africa,South Africa,ZA,ZAF,710,ISO 3166-2:ZA,Africa,Sub-Saharan Africa,Southern Africa,002,202,018
South Georgia and the South Sandwich Islands,South Georgia and the South Sandwich Islands,GS,SGS,239,ISO 3166-2:GS,Americas,Latin America and the Caribbean,South America,019,419,005
South Sudan,South Sudan,SS,SSD,728,ISO 3166-2:SS,Africa,Sub-Saharan Africa,Eastern Africa,002,202,014
Spain,España,ES,ESP,724,ISO 3166-2:ES,Europe,Southern Europe,"",150,039,""
Sri Lanka,"ශ්‍රී ලංකාව, இலங்கை",LK,LKA,144,ISO 3166-2:LK,Asia,Southern Asia,"",142,034,""
Sudan,السودان,SD,SDN,729,ISO 3166-2:SD,Africa,Northern Africa,"",002,015,""
Suriname,Suriname,SR,SUR,740,ISO 3166-2:SR,Americas,Latin America and the Caribbean,South America,019,419,005
Svalbard and Jan Mayen,Svalbard,SJ,SJM,744,ISO 3166-2:SJ,Europe,Northern Europe,"",150,154,""
Sweden,Sverige,SE,SWE,752,ISO 3166-2:SE,Europe,Northern Europe,"",150,154,""
Switzerland,"Schweiz, Suisse",CH,CHE,756,ISO 3166-2:CH,Europe,Western Europe,"",150,155,""
Syrian Arab Republic,سورية,SY,SYR,760,ISO 3166-2:SY,Asia,Western Asia,"",142,145,""
"Taiwan, Province of China",中華民國,TW,TWN,158,ISO 3166-2:TW,Asia,Eastern Asia,"",142,030,""
Tajikistan,Тоҷикистон,TJ,TJK,762,ISO 3166-2:TJ,Asia,Central Asia,"",142,143,""
"Tanzania, United Republic of",Tanzania,TZ,TZA,834,ISO 3166-2:TZ,Africa,Sub-Saharan Africa,Eastern Africa,002,202,014
Thailand,ประเทศไทย,TH,THA,764,ISO 3166-2:TH,Asia,South-eastern Asia,"",142,035,""
Timor-Leste,Timor-Leste,TL,TLS,626,ISO 3166-2:TL,Asia,South-eastern Asia,"",142,035,""
Togo,Togo,TG,TGO,768,ISO 3166-2:TG,Africa,Sub-Saharan Africa,Western Africa,002,202,011
Tokelau,Tokelau,TK,TKL,772,ISO 3166-2:TK,Oceania,Polynesia,"",009,061,""
Tonga,Tonga,TO,TON,776,ISO 3166-2:TO,Oceania,Polynesia,"",009,061,""
Trinidad and Tobago,Trinidad and Tobago,TT,TTO,780,ISO 3166-2:TT,Americas,Latin America and the Caribbean,Caribbean,019,419,029
Tunisia,"Tunes, تونس",TN,TUN,788,ISO 3166-2:TN,Africa,Northern Africa,"",002,015,""
Turkey,Türkiye,TR,TUR,792,ISO 3166-2:TR,Asia,Western Asia,"",142,145,""
Turkmenistan,Türkmenistan,TM,TKM,795,ISO 3166-2:TM,Asia,Central Asia,"",142,143,""
Turks and Caicos Islands,Turks and Caicos Islands,TC,TCA,796,ISO 3166-2:TC,Americas,Latin America and the Caribbean,Caribbean,019,419,029
Tuvalu,Tuvalu,TV,TUV,798,ISO 3166-2:TV,Oceania,Polynesia,"",009,061,""
Uganda,Uganda,UG,UGA,800,ISO 3166-2:UG,Africa,Sub-Saharan Africa,Eastern Africa,002,202,014
Ukraine,Україна,UA,UKR,804,ISO 3166-2:UA,Europe,Eastern Europe,"",150,151,""
United Arab Emirates,الإمارات العربيّة المتّحدة,AE,ARE,784,ISO 3166-2:AE,Asia,Western Asia,"",142,145,""
United Kingdom of Great Britain and Northern Ireland,United Kingdom,GB,GBR,826,ISO 3166-2:GB,Europe,Northern Europe,"",150,154,""
United States of America,United States,US,USA,840,ISO 3166-2:US,Americas,Northern America,"",019,021,""
United States Minor Outlying Islands,United States Minor Outlying Islands,UM,UMI,581,ISO 3166-2:UM,Oceania,Micronesia,"",009,057,""
Uruguay,Uruguay,UY,URY,858,ISO 3166-2:UY,Americas,Latin America and the Caribbean,South America,019,419,005
Uzbekistan,Ўзбекистон,UZ,UZB,860,ISO 3166-2:UZ,Asia,Central Asia,"",142,143,""
Vanuatu,Vanuatu,VU,VUT,548,ISO 3166-2:VU,Oceania,Melanesia,"",009,054,""
Venezuela (Bolivarian Republic of),Venezuela,VE,VEN,862,ISO 3166-2:VE,Americas,Latin America and the Caribbean,South America,019,419,005
Viet Nam,Việt Nam,VN,VNM,704,ISO 3166-2:VN,Asia,South-eastern Asia,"",142,035,""
Virgin Islands (British),Virgin Islands (British),VG,VGB,092,ISO 3166-2:VG,Americas,Latin America and the Caribbean,Caribbean,019,419,029
Virgin Islands (U.S.),Virgin Islands (U.S.),VI,VIR,850,ISO 3166-2:VI,Americas,Latin America and the Caribbean,Caribbean,019,419,029
Wallis and Futuna,Wallis-et-Futuna,WF,WLF,876,ISO 3166-2:WF,Oceania,Polynesia,"",009,061,""
Western Sahara,Western Sahara,EH,ESH,732,ISO 3166-2:EH,Africa,Northern Africa,"",002,015,""
Yemen,اليمن,YE,YEM,887,ISO 3166-2:YE,Asia,Western Asia,"",142,145,""
Zambia,Zambia,ZM,ZMB,894,ISO 3166-2:ZM,Africa,Sub-Saharan Africa,Eastern Africa,002,202,014
Zimbabwe,Zimbabwe,ZW,ZWE,716,ISO 3166-2:ZW,Africa,Sub-Saharan Africa,Eastern Africa,002,202,014